City_ID,City,Country,Date,Lat,Lng,Max Temp,Humidity,Cloudiness,Wind Speed
0,Decatur,US,2022-01-27 22:10:31,39.8403,-88.9548,37.87,75,100,11.5
1,Arraial Do Cabo,BR,2022-01-27 22:12:55,-22.9661,-42.0278,78.66,73,0,13.8
2,Clyde River,CA,2022-01-27 22:12:55,70.4692,-68.5914,-12.01,97,100,20.8
3,Bathsheba,BB,2022-01-27 22:12:55,13.2167,-59.5167,77.61,69,20,10.36
4,Mataura,NZ,2022-01-27 22:12:56,-46.1927,168.8643,59.49,42,54,1.99
5,Yunyang,CN,2022-01-27 22:12:56,33.4474,112.7142,30.6,88,90,4.81
6,Sinnamary,GF,2022-01-27 22:12:56,5.3833,-52.95,76.37,83,87,9.73
7,Kerouane,GN,2022-01-27 22:12:57,9.2667,-9.0167,76.28,19,77,1.72
8,Serov,RU,2022-01-27 22:12:57,59.6033,60.5787,0.34,94,69,5.1
9,Jamestown,US,2022-01-27 22:12:58,42.097,-79.2353,27.72,57,100,5.01
10,Luderitz,NA,2022-01-27 22:12:58,-26.6481,15.1594,68.31,74,0,21.88
11,Rikitea,PF,2022-01-27 22:12:58,-23.1203,-134.9692,78.69,76,96,17.81
12,Sola,VU,2022-01-27 22:11:46,-13.8833,167.55,81.5,78,100,18.05
13,Fairbanks,US,2022-01-27 22:10:02,64.8378,-147.7164,-6.39,74,75,0.0
14,Kudahuvadhoo,MV,2022-01-27 22:12:59,2.6708,72.8944,79.57,63,100,9.6
15,Bredasdorp,ZA,2022-01-27 22:12:59,-34.5322,20.0403,66.27,86,5,4.97
16,Port Alfred,ZA,2022-01-27 22:12:59,-33.5906,26.891,72.23,90,57,11.83
17,Souillac,MU,2022-01-27 22:13:00,-20.5167,57.5167,75.58,78,20,3.44
18,Sao Filipe,CV,2022-01-27 22:13:00,14.8961,-24.4956,72.45,72,100,11.54
19,Alappuzha,IN,2022-01-27 22:13:00,9.49,76.3264,75.97,81,58,6.11
20,Opuwo,NA,2022-01-27 22:13:01,-18.0607,13.84,73.85,63,93,7.09
21,Puerto Leguizamo,CO,2022-01-27 22:13:01,-0.1934,-74.7819,84.96,64,100,2.46
22,Young,UY,2022-01-27 22:13:01,-32.6833,-57.6333,73.22,51,63,13.02
23,Constitucion,CL,2022-01-27 22:13:02,-35.3333,-72.4167,64.42,79,18,8.25
24,Atuona,PF,2022-01-27 22:13:02,-9.8,-139.0333,78.24,78,0,17.81
25,Bejar,ES,2022-01-27 22:13:02,40.3864,-5.7634,28.54,72,3,4.09
26,Busselton,AU,2022-01-27 22:13:03,-33.65,115.3333,55.09,86,0,9.46
27,Kodiak,US,2022-01-27 22:13:03,57.79,-152.4072,36.91,87,100,11.5
28,Sindor,RU,2022-01-27 22:13:03,62.8629,51.8905,3.42,97,100,5.03
29,Bengkulu,ID,2022-01-27 22:13:04,-3.8004,102.2655,76.32,87,98,3.47
30,Albany,US,2022-01-27 22:12:10,42.6001,-73.9662,25.23,50,83,5.21
31,Outlook,CA,2022-01-27 22:13:04,51.5001,-107.0513,20.1,93,100,6.44
32,Georgetown,MY,2022-01-27 22:10:50,5.4112,100.3354,80.53,81,40,8.05
33,Provideniya,RU,2022-01-27 22:12:17,64.3833,-173.3,-3.64,65,0,4.47
34,Ryotsu,JP,2022-01-27 22:13:05,38.0833,138.4333,35.2,81,100,12.91
35,Monticello,US,2022-01-27 22:08:11,45.3055,-93.7941,21.15,43,0,17.27
36,Marawi,PH,2022-01-27 22:13:05,7.9986,124.2928,63.64,92,84,1.79
37,Chokurdakh,RU,2022-01-27 22:13:06,70.6333,147.9167,-23.93,94,70,11.72
38,Fuxin,CN,2022-01-27 22:13:06,42.0156,121.6589,9.3,61,0,4.03
39,Pisco,PE,2022-01-27 22:13:06,-13.7,-76.2167,73.45,64,66,26.46
40,Ushuaia,AR,2022-01-27 22:13:07,-54.8,-68.3,51.46,71,75,14.97
41,Guerrero Negro,MX,2022-01-27 22:13:07,27.9769,-114.0611,71.94,27,53,6.67
42,Haines Junction,CA,2022-01-27 22:13:07,60.7522,-137.5108,26.37,96,100,3.4
43,Qaanaaq,GL,2022-01-27 22:13:08,77.484,-69.3632,-8.88,70,35,7.61
44,Cidreira,BR,2022-01-27 22:11:12,-30.1811,-50.2056,73.51,59,86,14.2
45,Tabou,CI,2022-01-27 22:14:08,4.423,-7.3528,79.5,80,49,7.58
46,Fortuna,US,2022-01-27 22:14:09,40.5982,-124.1573,62.92,60,0,4.0
47,Fergus Falls,US,2022-01-27 22:14:09,46.283,-96.0776,7.47,71,0,1.99
48,Kapaa,US,2022-01-27 22:14:09,22.0752,-159.319,79.12,67,0,1.01
49,Kailua,US,2022-01-27 22:14:10,21.4022,-157.7394,80.58,63,34,4.0
50,Hasaki,JP,2022-01-27 22:14:10,35.7333,140.8333,34.2,77,100,6.96
51,Bluff,NZ,2022-01-27 22:14:10,-46.6,168.3333,59.81,59,74,4.05
52,Macon,US,2022-01-27 22:14:11,39.8667,-88.9668,37.87,75,100,11.5
53,Tiksi,RU,2022-01-27 22:14:11,71.6872,128.8694,-14.12,97,32,10.38
54,Egvekinot,RU,2022-01-27 22:11:09,66.3167,-179.1667,-6.29,93,100,0.43
55,La Ronge,CA,2022-01-27 22:14:12,55.1001,-105.2842,10.4,92,100,6.78
56,Hobart,AU,2022-01-27 22:14:12,-42.8794,147.3294,82.02,64,0,3.0
57,Basoko,CD,2022-01-27 22:14:12,1.2391,23.616,75.47,51,93,3.06
58,Avarua,CK,2022-01-27 22:14:13,-21.2078,-159.775,82.45,83,40,17.27
59,New Norfolk,AU,2022-01-27 22:14:13,-42.7826,147.0587,81.66,55,18,4.0
60,Carutapera,BR,2022-01-27 22:14:13,-1.195,-46.02,73.83,95,100,5.64
61,Storozhevaya,RU,2022-01-27 22:14:14,43.8789,41.4514,13.59,90,52,4.83
62,Turukhansk,RU,2022-01-27 22:14:14,65.8167,87.9833,-2.56,92,100,14.67
63,Longyearbyen,SJ,2022-01-27 22:14:14,78.2186,15.6401,10.24,79,75,9.22
64,Vaini,TO,2022-01-27 22:14:15,-21.2,-175.2,82.62,78,97,14.36
65,Kaitangata,NZ,2022-01-27 22:12:52,-46.2817,169.8464,59.94,61,60,3.89
66,Tasiilaq,GL,2022-01-27 22:14:15,65.6145,-37.6368,19.56,95,100,1.7
67,Marquette,US,2022-01-27 22:14:16,46.5333,-87.6335,11.64,71,100,12.08
68,Asfi,MA,2022-01-27 22:14:16,32.2994,-9.2372,57.6,72,100,11.88
69,Dikson,RU,2022-01-27 22:14:16,73.5069,80.5464,2.46,95,100,25.9
70,Port Hardy,CA,2022-01-27 22:11:21,50.6996,-127.4199,46.76,65,1,9.82
71,Santa Cruz Del Sur,CU,2022-01-27 22:14:17,20.7147,-77.9956,80.64,59,0,9.06
72,Tianpeng,CN,2022-01-27 22:14:17,30.9866,103.9393,39.11,92,100,3.42
73,Punta Arenas,CL,2022-01-27 22:14:18,-53.15,-70.9167,57.31,67,0,10.36
74,Mount Isa,AU,2022-01-27 22:14:18,-20.7333,139.5,80.37,74,75,11.5
75,Puerto Ayora,EC,2022-01-27 22:14:18,-0.7393,-90.3518,84.16,77,97,7.96
76,Khatanga,RU,2022-01-27 22:14:19,71.9667,102.5,6.96,84,100,18.52
77,Ponta Do Sol,PT,2022-01-27 22:14:19,32.6667,-17.1,60.01,72,45,5.59
78,Cherskiy,RU,2022-01-27 22:14:19,68.75,161.3,-37.97,96,37,2.24
79,Bethel,US,2022-01-27 22:14:20,41.3712,-73.414,29.48,63,0,9.22
80,Ponta Delgada,PT,2022-01-27 22:11:47,37.7333,-25.6667,58.5,76,40,5.75
81,Havoysund,NO,2022-01-27 22:14:20,70.9963,24.6622,23.88,91,100,4.38
82,Bazaliya,UA,2022-01-27 22:14:21,49.7127,26.4733,29.75,94,100,15.28
83,Maniitsoq,GL,2022-01-27 22:14:21,65.4167,-52.9,5.14,88,100,14.45
84,Narsaq,GL,2022-01-27 22:12:53,60.9167,-46.05,19.62,91,22,6.38
85,Brae,GB,2022-01-27 22:14:21,60.3964,-1.353,39.11,64,53,10.49
86,Norman Wells,CA,2022-01-27 22:12:50,65.282,-126.8329,-1.59,97,100,2.13
87,Nikolskoye,RU,2022-01-27 22:14:22,59.7035,30.7861,29.71,96,100,8.43
88,Flinders,AU,2022-01-27 22:11:52,-34.5833,150.8552,79.25,72,7,5.99
89,San Juan De Uraba,CO,2022-01-27 22:14:22,8.7592,-76.5297,80.31,80,88,8.61
90,Ilebo,CD,2022-01-27 22:14:22,-4.3167,20.5833,72.0,78,15,1.52
91,Thompson,CA,2022-01-27 22:13:04,55.7435,-97.8558,-3.15,87,81,8.39
92,Chapais,CA,2022-01-27 22:12:55,49.7834,-74.8492,10.18,93,100,10.07
93,Talnakh,RU,2022-01-27 22:15:23,69.4865,88.3972,2.21,93,100,16.15
94,Hilo,US,2022-01-27 22:11:30,19.7297,-155.09,80.33,59,0,11.5
95,Mayo,US,2022-01-27 22:15:24,38.8876,-76.5119,35.31,54,0,3.0
96,Zeya,RU,2022-01-27 22:15:24,53.75,127.2667,-9.89,89,5,5.1
97,Alofi,NU,2022-01-27 22:15:14,-19.0595,-169.9187,82.29,74,75,13.8
98,Tura,IN,2022-01-27 22:14:33,25.5198,90.2201,48.43,64,0,1.97
99,Rio Gallegos,AR,2022-01-27 22:15:24,-51.6226,-69.2181,69.85,37,20,8.05
100,San Juan,AR,2022-01-27 22:14:30,-31.5375,-68.5364,73.9,62,65,4.41
101,Khash,IR,2022-01-27 22:15:25,28.2211,61.2158,49.69,32,0,4.5
102,Saint-Joseph,RE,2022-01-27 22:15:25,-21.3667,55.6167,71.98,82,47,7.74
103,Lishu,CN,2022-01-27 22:15:26,43.3047,124.3278,4.78,71,4,6.31
104,Upernavik,GL,2022-01-27 22:15:26,72.7868,-56.1549,3.04,82,61,20.02
105,Mahebourg,MU,2022-01-27 22:15:26,-20.4081,57.7,75.49,78,20,3.44
106,Urdoma,RU,2022-01-27 22:15:27,61.7533,48.5442,5.18,96,100,5.5
107,Uyuni,BO,2022-01-27 22:15:27,-20.4597,-66.825,52.9,70,100,8.99
108,Maarianhamina,AX,2022-01-27 22:15:17,60.0973,19.9348,33.66,86,100,13.8
109,Ketchikan,US,2022-01-27 22:15:27,55.3422,-131.6461,43.27,70,75,16.11
110,Lakhipur,IN,2022-01-27 22:15:28,26.0299,90.3041,53.37,62,0,5.26
111,Skibbereen,IE,2022-01-27 22:15:28,51.55,-9.2667,44.4,84,97,5.19
112,Ravar,IR,2022-01-27 22:15:28,31.2656,56.8055,58.62,34,49,23.85
113,Chippewa Falls,US,2022-01-27 22:15:02,44.9369,-91.3929,22.14,49,20,12.66
114,Birecik,TR,2022-01-27 22:15:29,37.0294,37.9903,27.61,68,0,5.99
115,Carnarvon,AU,2022-01-27 22:15:29,-24.8667,113.6333,71.67,83,9,3.44
116,Saskylakh,RU,2022-01-27 22:15:29,71.9167,114.0833,2.68,87,83,13.13
117,Hammond,US,2022-01-27 22:12:23,41.5834,-87.5,33.93,71,100,5.99
118,Ilulissat,GL,2022-01-27 22:15:30,69.2167,-51.1,8.62,72,75,16.11
119,Chara,RU,2022-01-27 22:11:21,56.9064,118.2631,-14.8,86,68,1.28
120,North Bend,US,2022-01-27 22:15:30,43.4065,-124.2243,59.86,87,0,4.61
121,Olinda,BR,2022-01-27 22:15:03,-8.0089,-34.8553,82.13,69,0,3.44
122,Hithadhoo,MV,2022-01-27 22:15:30,-0.6,73.0833,81.09,69,82,16.31
123,Touros,BR,2022-01-27 22:15:31,-5.1989,-35.4608,77.9,76,76,9.55
124,Shingu,JP,2022-01-27 22:15:31,33.7333,135.9833,38.73,76,93,5.99
125,Inhambane,MZ,2022-01-27 22:15:32,-23.865,35.3833,76.96,82,59,7.54
126,Barrow,US,2022-01-27 22:15:32,71.2906,-156.7887,-14.78,76,0,11.5
127,Sitka,US,2022-01-27 22:15:32,57.0531,-135.33,46.29,61,100,16.11
128,Usinsk,RU,2022-01-27 22:12:18,65.9939,57.5281,-0.15,98,99,11.12
129,Raymond,US,2022-01-27 22:15:33,43.9015,-70.4703,23.99,57,99,6.58
130,Cockburn Town,TC,2022-01-27 22:14:42,21.4612,-71.1419,78.42,72,9,8.32
131,Perigueux,FR,2022-01-27 22:15:33,45.1833,0.7167,39.18,81,6,4.32
132,Cervo,ES,2022-01-27 22:15:34,43.6702,-7.4101,50.97,79,96,18.72
133,Iquique,CL,2022-01-27 22:15:34,-20.2208,-70.1431,71.64,72,100,7.43
134,Qasigiannguit,GL,2022-01-27 22:15:34,68.8193,-51.1922,8.85,91,100,6.53
135,Fare,PF,2022-01-27 22:15:35,-16.7,-151.0167,80.94,76,11,15.35
136,Luganville,VU,2022-01-27 22:15:35,-15.5333,167.1667,79.34,89,100,8.43
137,Mutis,CO,2022-01-27 22:15:36,6.2262,-77.4044,80.19,80,77,4.45
138,Saint George,US,2022-01-27 22:14:43,37.1041,-113.5841,59.47,16,0,1.01
139,Tual,ID,2022-01-27 22:14:20,-5.6667,132.75,83.88,72,91,8.01
140,Qaqortoq,GL,2022-01-27 22:16:36,60.7167,-46.0333,19.9,86,19,1.83
141,Santa Marta,CO,2022-01-27 22:14:50,11.2408,-74.199,89.35,58,20,18.01
142,Gandai,IN,2022-01-27 22:16:37,21.6667,81.1,50.92,50,1,4.59
143,Juneau,US,2022-01-27 22:15:12,58.3019,-134.4197,42.22,86,100,5.99
144,Sisimiut,GL,2022-01-27 22:16:37,66.9395,-53.6735,7.27,89,100,13.44
145,Kurumkan,RU,2022-01-27 22:16:38,54.3,110.3,-15.29,94,61,3.44
146,Elbistan,TR,2022-01-27 22:16:38,38.2059,37.1983,-1.64,93,33,1.3
147,Karratha,AU,2022-01-27 22:12:29,-20.7377,116.8463,77.63,73,6,9.93
148,Pangnirtung,CA,2022-01-27 22:16:39,66.1451,-65.7125,-13.0,58,100,8.05
149,Dubki,RU,2022-01-27 22:16:39,43.0225,46.8372,23.63,88,90,10.18
150,Discovery Bay,US,2022-01-27 22:16:39,37.9085,-121.6002,68.36,43,0,6.91
151,Shevchenko,UA,2022-01-27 22:16:40,48.5,35.0,22.24,73,75,13.42
152,Saint Andrews,US,2022-01-27 22:16:40,34.0454,-81.1293,49.59,36,0,5.75
153,Pacific Grove,US,2022-01-27 22:16:40,36.6177,-121.9166,71.31,50,0,3.0
154,Butaritari,KI,2022-01-27 22:16:41,3.0707,172.7902,82.11,77,15,16.42
155,Kondagaon,IN,2022-01-27 22:16:41,19.6,81.6667,48.83,50,5,2.89
156,Baghdad,IQ,2022-01-27 22:12:08,33.3406,44.4009,46.31,53,4,8.05
157,East London,ZA,2022-01-27 22:16:41,-33.0153,27.9116,74.21,89,9,13.09
158,Demyansk,RU,2022-01-27 22:16:42,57.643,32.466,25.74,93,100,11.3
159,Sorland,NO,2022-01-27 22:16:42,67.667,12.6934,32.07,55,100,28.03
160,Laguna,US,2022-01-27 22:16:43,38.421,-121.4238,68.43,48,0,1.01
161,Ragay,PH,2022-01-27 22:16:43,13.8183,122.7923,74.91,91,16,3.4
162,San Patricio,US,2022-01-27 22:16:43,28.017,-97.5169,65.08,58,100,8.34
163,Chuy,UY,2022-01-27 22:16:44,-33.6971,-53.4616,67.78,62,61,9.66
164,Biskamzha,RU,2022-01-27 22:16:44,53.4497,89.5272,-8.03,99,75,1.92
165,Airai,TL,2022-01-27 22:16:44,-8.9266,125.4092,61.68,83,100,2.84
166,Yellowknife,CA,2022-01-27 22:12:28,62.456,-114.3525,-5.73,96,88,4.05
167,Nabire,ID,2022-01-27 22:16:45,-3.3667,135.4833,76.41,85,72,2.91
168,Rudbar,AF,2022-01-27 22:16:46,30.15,62.6,53.49,27,0,7.16
169,Northam,GB,2022-01-27 22:16:46,51.0333,-4.2167,43.72,87,1,2.57
170,Cape Town,ZA,2022-01-27 22:16:46,-33.9258,18.4232,67.08,69,20,16.11
171,Baraboo,US,2022-01-27 22:16:47,43.4711,-89.7443,30.34,59,100,5.75
172,Hualmay,PE,2022-01-27 22:16:47,-11.0964,-77.6139,73.13,78,74,9.95
173,Hami,CN,2022-01-27 22:16:47,42.8,93.45,22.51,44,2,1.3
174,Port Elizabeth,ZA,2022-01-27 22:16:48,-33.918,25.5701,69.1,94,0,9.22
175,Hermanus,ZA,2022-01-27 22:16:48,-34.4187,19.2345,66.79,82,26,5.64
176,Bukama,CD,2022-01-27 22:16:48,-9.2,25.85,68.67,98,100,2.46
177,Sayyan,YE,2022-01-27 22:16:49,15.1718,44.3244,51.55,52,3,1.3
178,Adrar,MR,2022-01-27 22:16:49,20.5022,-10.0711,71.11,10,100,10.63
179,Bambous Virieux,MU,2022-01-27 22:16:49,-20.3428,57.7575,75.45,78,20,3.44
180,Ribeira Grande,PT,2022-01-27 22:16:50,38.5167,-28.7,60.19,74,13,13.67
181,Port Blair,IN,2022-01-27 22:12:03,11.6667,92.75,78.89,75,18,10.51
182,Chumphon,TH,2022-01-27 22:16:50,10.3333,98.8333,68.11,98,76,0.94
183,Zyryanka,RU,2022-01-27 22:16:50,65.75,150.85,-32.69,97,100,3.47
184,Saint-Philippe,RE,2022-01-27 22:16:51,-21.3585,55.7679,72.99,83,70,7.45
185,Dudinka,RU,2022-01-27 22:17:51,69.4058,86.1778,2.62,91,100,26.11
186,The Pas,CA,2022-01-27 22:17:51,53.8251,-101.2541,3.22,60,100,11.5
187,Ukiah,US,2022-01-27 22:16:17,39.1502,-123.2078,68.04,30,0,0.0
188,Cabo San Lucas,MX,2022-01-27 22:17:52,22.8909,-109.9124,77.61,50,40,5.01
189,Ambilobe,MG,2022-01-27 22:17:52,-13.2,49.05,72.43,92,77,3.0
190,Lavrentiya,RU,2022-01-27 22:17:53,65.5833,-171.0,-12.84,87,43,2.15
191,Codrington,AU,2022-01-27 22:17:53,-38.2667,141.9667,65.75,93,29,5.08
192,Yegorlykskaya,RU,2022-01-27 22:13:21,46.5656,40.6562,16.88,100,90,4.59
193,Skagen,DK,2022-01-27 22:17:53,57.7209,10.5839,43.27,65,94,25.5
194,Mar Del Plata,AR,2022-01-27 22:17:54,-38.0023,-57.5575,62.87,72,20,7.0
195,Sattenapalle,IN,2022-01-27 22:17:54,16.4,80.1833,64.63,81,10,4.0
196,Promyshlennyy,RU,2022-01-27 22:17:54,67.5833,63.9167,-1.68,99,94,5.97
197,Huarmey,PE,2022-01-27 22:17:55,-10.0681,-78.1522,73.74,79,98,9.86
198,Salalah,OM,2022-01-27 22:17:55,17.0151,54.0924,73.49,68,75,5.75
199,Axim,GH,2022-01-27 22:16:18,4.8699,-2.2405,79.18,84,8,6.04
200,Portobelo,PA,2022-01-27 22:17:56,9.55,-79.65,84.85,81,65,11.16
201,San Cristobal,VE,2022-01-27 22:17:56,7.7669,-72.225,75.38,58,88,3.96
202,Sao Felix Do Xingu,BR,2022-01-27 22:15:06,-6.6447,-51.995,72.0,99,100,1.36
203,Port Hedland,AU,2022-01-27 22:17:57,-20.3167,118.5667,77.05,88,80,9.22
204,Nguru,NG,2022-01-27 22:17:57,12.8791,10.4526,65.41,28,3,11.72
205,Wawa,NG,2022-01-27 22:17:57,9.9022,4.4192,78.22,22,4,5.17
206,Kichera,RU,2022-01-27 22:17:57,55.9375,110.0997,-9.02,86,17,5.17
207,Naze,JP,2022-01-27 22:17:58,28.3667,129.4833,58.12,79,86,9.28
208,Aklavik,CA,2022-01-27 22:17:58,68.2191,-135.0107,-9.4,64,75,9.22
209,Ariquemes,BR,2022-01-27 22:17:58,-9.9133,-63.0408,78.55,93,92,2.06
210,Nizhyn,UA,2022-01-27 22:17:59,51.048,31.8869,30.29,94,100,10.85
211,Devils Lake,US,2022-01-27 22:17:31,48.1128,-98.8651,3.18,72,0,5.75
212,Muros,ES,2022-01-27 22:17:59,42.7762,-9.0603,54.23,77,1,10.42
213,Iqaluit,CA,2022-01-27 22:18:00,63.7506,-68.5145,-9.67,76,100,3.0
214,Svetlyy,RU,2022-01-27 22:18:00,54.675,20.1347,41.05,87,99,27.22
215,Rehlingen-Siersburg,DE,2022-01-27 22:18:00,49.3667,6.6833,39.65,99,100,10.47
216,Stornoway,GB,2022-01-27 22:18:01,58.2093,-6.3865,40.96,91,75,1.01
217,Puerto Escondido,MX,2022-01-27 22:18:01,15.85,-97.0667,83.23,74,20,5.75
218,Viedma,AR,2022-01-27 22:18:02,-40.8135,-62.9967,81.12,28,0,13.51
219,Torbay,CA,2022-01-27 22:18:02,47.6666,-52.7314,22.57,89,100,11.5
220,Coquimbo,CL,2022-01-27 22:18:03,-29.9533,-71.3436,65.93,72,20,11.5
221,Abalak,RU,2022-01-27 22:18:03,58.1286,68.5944,7.09,96,98,6.76
222,Jian,CN,2022-01-27 22:18:03,27.1172,114.9793,43.83,89,100,7.78
223,Bilma,NE,2022-01-27 22:18:04,18.6853,12.9164,58.53,27,50,8.63
224,Te Anau,NZ,2022-01-27 22:18:04,-45.4167,167.7167,61.56,46,73,1.05
225,Kamenka,RU,2022-01-27 22:18:04,51.3223,42.7678,11.25,98,90,2.13
226,Deputatskiy,RU,2022-01-27 22:18:05,69.3,139.9,-19.68,96,88,3.89
227,Yar-Sale,RU,2022-01-27 22:18:05,66.8333,70.8333,0.32,98,100,7.65
228,Coos Bay,US,2022-01-27 22:15:55,43.3665,-124.2179,59.94,87,0,4.61
229,Castro,BR,2022-01-27 22:15:04,-24.7911,-50.0119,67.06,96,100,4.79
230,Lata,PT,2022-01-27 22:18:06,40.1629,-8.3327,47.91,75,0,3.98
231,Port Lincoln,AU,2022-01-27 22:18:06,-34.7333,135.8667,67.59,80,0,7.16
232,Rawson,AR,2022-01-27 22:14:19,-43.3002,-65.1023,91.69,25,40,9.22
233,Sindang,ID,2022-01-27 22:19:06,-7.0047,108.335,69.82,95,100,0.34
234,Srednekolymsk,RU,2022-01-27 22:19:07,67.45,153.6833,-41.76,100,92,2.86
235,Amuntai,ID,2022-01-27 22:19:07,-2.4177,115.2494,74.89,96,100,1.36
236,Kochi,IN,2022-01-27 22:19:08,9.9399,76.2602,76.98,80,88,4.65
237,Manzanillo,CU,2022-01-27 22:19:08,20.3433,-77.1167,85.3,45,1,7.18
238,Wajir,KE,2022-01-27 22:19:08,1.7471,40.0573,83.95,29,59,7.11
239,Severo-Kurilsk,RU,2022-01-27 22:19:09,50.6789,156.125,25.39,77,96,37.36
240,Wuhu,CN,2022-01-27 22:19:09,31.3366,118.3755,35.51,88,100,8.88
241,Faanui,PF,2022-01-27 22:19:09,-16.4833,-151.75,81.25,75,41,14.65
242,Cap Malheureux,MU,2022-01-27 22:19:10,-19.9842,57.6142,75.69,75,2,3.0
243,San Miguel De Cauri,PE,2022-01-27 22:19:10,-10.1,-76.5833,54.57,68,100,6.49
244,Tazovskiy,RU,2022-01-27 22:19:10,67.4667,78.7,6.13,90,100,16.26
245,Calvinia,ZA,2022-01-27 22:19:11,-31.4707,19.776,70.77,31,0,6.24
246,Sao Joao Da Barra,BR,2022-01-27 22:19:11,-21.6403,-41.0511,76.64,87,4,16.17
247,Veraval,IN,2022-01-27 22:19:12,20.9,70.3667,63.64,37,0,15.86
248,Buchanan,LR,2022-01-27 22:19:12,5.8808,-10.0467,76.96,78,81,5.41
249,Nurota,UZ,2022-01-27 22:19:12,40.5614,65.6886,42.89,20,100,7.9
250,Lebu,CL,2022-01-27 22:19:13,-37.6167,-73.65,65.48,77,6,7.99
251,Opunake,NZ,2022-01-27 22:19:13,-39.4556,173.8583,72.84,49,16,11.77
252,Alice Springs,AU,2022-01-27 22:16:42,-23.7,133.8833,80.15,69,83,9.22
253,Evensk,RU,2022-01-27 22:19:13,61.95,159.2333,19.78,83,100,37.58
254,Abu Dhabi,AE,2022-01-27 22:18:46,24.4667,54.3667,66.31,84,0,5.75
255,Ancud,CL,2022-01-27 22:19:14,-41.8697,-73.8203,78.33,62,0,8.46
256,Yuncheng,CN,2022-01-27 22:19:14,35.0231,110.9928,30.65,96,94,1.39
257,Lagoa,PT,2022-01-27 22:19:15,39.05,-27.9833,58.93,77,9,15.46
258,Buenos Aires,AR,2022-01-27 22:16:24,-34.6132,-58.3772,75.99,58,20,14.97
259,Eureka,US,2022-01-27 22:14:36,40.8021,-124.1637,63.19,68,0,5.01
260,Ambon,ID,2022-01-27 22:19:15,-3.6954,128.1814,77.14,94,20,5.75
261,Victoria,HK,2022-01-27 22:16:11,22.2855,114.1577,68.18,89,74,8.01
262,Margate,GB,2022-01-27 22:19:16,51.3813,1.3862,44.04,82,14,4.0
263,Chilliwack,CA,2022-01-27 22:19:16,49.1747,-121.9443,51.12,42,27,20.71
264,Sakaiminato,JP,2022-01-27 22:19:16,35.55,133.2333,44.58,53,75,8.05
265,Port Macquarie,AU,2022-01-27 22:15:33,-31.4333,152.9167,77.9,70,59,6.2
266,Bjornevatn,NO,2022-01-27 22:19:17,69.6672,29.9847,19.02,92,75,10.36
267,Loksa,EE,2022-01-27 22:19:17,59.5764,25.7214,32.94,99,100,7.67
268,Tymovskoye,RU,2022-01-27 22:19:17,50.8456,142.655,-13.7,99,86,1.66
269,Dunedin,NZ,2022-01-27 22:17:14,-45.8742,170.5036,60.8,60,45,11.99
270,Ankazobe,MG,2022-01-27 22:19:18,-18.3167,47.1167,64.81,93,64,4.18
271,Moron,AR,2022-01-27 22:19:18,-34.6534,-58.6198,74.8,59,16,6.04
272,Camacha,PT,2022-01-27 22:19:19,33.0833,-16.3333,56.53,82,40,8.05
273,Lasa,IT,2022-01-27 22:19:19,46.6166,10.7002,44.06,46,25,7.14
274,Vila Franca Do Campo,PT,2022-01-27 22:19:19,37.7167,-25.4333,57.2,72,100,11.54
275,Holme,DK,2022-01-27 22:19:20,56.1138,10.1725,40.86,76,77,27.56
276,Tessalit,ML,2022-01-27 22:19:20,20.1986,1.0114,63.68,21,89,11.83
277,Kutum,SD,2022-01-27 22:19:21,14.2,24.6667,51.89,24,78,11.83
278,Paso De Carrasco,UY,2022-01-27 22:20:21,-34.8603,-56.0522,70.25,60,40,9.22
279,Tiszabura,HU,2022-01-27 22:20:21,47.45,20.4667,37.38,79,100,14.76
280,Emerald,AU,2022-01-27 22:20:21,-23.5333,148.1667,80.35,58,85,15.19
281,Basco,PH,2022-01-27 22:20:22,20.4487,121.9702,74.95,91,100,25.23
282,Nouadhibou,MR,2022-01-27 22:20:22,20.931,-17.0347,64.38,77,100,16.11
283,Tuatapere,NZ,2022-01-27 22:20:23,-46.1333,167.6833,60.82,44,72,1.3
284,Santa Maria,BR,2022-01-27 22:20:23,-29.6842,-53.8069,72.7,83,75,8.05
285,Mount Gambier,AU,2022-01-27 22:20:23,-37.8333,140.7667,66.11,82,100,6.91
286,Lampa,CL,2022-01-27 22:17:05,-33.2833,-70.9,80.08,39,0,19.57
287,Lorengau,PG,2022-01-27 22:20:24,-2.0226,147.2712,82.9,73,92,5.01
288,Inta,RU,2022-01-27 22:20:24,66.0317,60.1659,4.33,94,90,10.18
289,Saint Anthony,US,2022-01-27 22:20:24,45.0205,-93.218,22.93,49,0,11.5
290,Saint-Pierre,RE,2022-01-27 22:20:25,-21.3393,55.4781,73.08,78,75,5.75
291,Bonavista,CA,2022-01-27 22:20:25,48.6499,-53.1147,21.11,71,100,15.99
292,Manaure,CO,2022-01-27 22:20:25,11.7751,-72.4445,83.66,57,10,18.66
293,Semirom,IR,2022-01-27 22:20:26,31.4167,51.5667,22.5,97,69,6.26
294,Verkhnyaya Inta,RU,2022-01-27 22:20:26,65.9811,60.3094,3.16,95,90,8.72
295,Natalio,PY,2022-01-27 22:20:26,-26.7167,-55.0833,72.1,94,95,6.17
296,Tongzi,CN,2022-01-27 22:20:27,28.7829,105.0877,43.36,91,100,6.51
297,Glubokiy,RU,2022-01-27 22:20:27,48.5217,40.3258,8.15,100,94,2.91
298,Yulara,AU,2022-01-27 22:20:28,-25.2406,130.9889,76.84,88,100,6.91
299,Faya,SA,2022-01-27 22:20:28,18.3851,42.4509,52.32,86,26,2.46
300,Nagato,JP,2022-01-27 22:20:28,34.3833,131.2,40.95,63,76,9.06
301,Katherine,AU,2022-01-27 22:20:29,-14.4667,132.2667,79.12,83,99,6.91
302,Saint Albans,GB,2022-01-27 22:20:29,51.75,-0.3333,43.65,87,89,10.36
303,Cochrane,CA,2022-01-27 22:15:33,51.1834,-114.4687,47.44,17,20,16.11
304,Pangody,RU,2022-01-27 22:20:29,65.85,74.4859,9.75,92,100,14.83
305,Palmer,US,2022-01-27 22:20:30,42.1584,-72.3287,25.63,50,40,3.0
306,Wuxi,CN,2022-01-27 22:20:30,31.5689,120.2886,37.98,72,100,8.68
307,Impalutao,PH,2022-01-27 22:20:30,8.2578,125.0275,62.33,96,80,3.11
308,Svetlaya,RU,2022-01-27 22:20:31,46.5389,138.3297,6.21,75,43,8.41
309,Parana,AR,2022-01-27 22:20:31,-31.732,-60.5238,75.54,59,62,9.62
310,Benghazi,LY,2022-01-27 22:20:32,32.1167,20.0667,56.19,61,40,12.39
311,Abu Kamal,SY,2022-01-27 22:20:32,34.4506,40.9171,44.65,66,6,9.8
312,Geraldton,AU,2022-01-27 22:20:32,-28.7667,114.6,73.13,56,0,9.22
313,Blyznyuky,UA,2022-01-27 22:20:33,48.8578,36.5551,8.76,97,76,7.14
314,Esperance,AU,2022-01-27 22:20:33,-33.8667,121.9,63.86,73,67,10.09
315,Lennec,PH,2022-01-27 22:20:33,15.6835,120.7338,72.5,87,48,4.74
316,Parabel,RU,2022-01-27 22:20:33,58.6978,81.4825,-8.43,99,93,6.89
317,Santa Catalina,PH,2022-01-27 22:20:34,9.3337,122.8637,77.49,87,49,5.41
318,Trelew,AR,2022-01-27 22:20:34,-43.249,-65.3051,91.67,25,40,9.22
319,Jalu,LY,2022-01-27 22:20:34,29.0331,21.5482,50.97,68,62,8.61
320,Namatanai,PG,2022-01-27 22:20:35,-3.6667,152.4333,82.36,76,69,3.42
321,Bosaso,SO,2022-01-27 22:20:35,11.2842,49.1816,72.82,70,87,4.43
322,Along,IN,2022-01-27 22:20:35,28.1667,94.7667,47.05,97,76,1.97
323,Grand Gaube,MU,2022-01-27 22:21:36,-20.0064,57.6608,75.6,75,4,3.0
324,Gat,IL,2022-01-27 22:21:36,31.61,34.7642,48.88,100,95,12.57
325,Goure,NE,2022-01-27 22:21:36,13.9835,10.2704,65.01,25,43,12.21
326,San Rafael Del Sur,NI,2022-01-27 22:21:37,11.8485,-86.4384,81.57,39,27,15.57
327,Grindavik,IS,2022-01-27 22:21:37,63.8424,-22.4338,37.87,100,100,19.57
328,Baykit,RU,2022-01-27 22:21:37,61.67,96.37,-20.24,100,67,0.67
329,Santander,ES,2022-01-27 22:21:38,43.4647,-3.8044,48.45,63,75,1.99
330,Yanam,IN,2022-01-27 22:21:38,16.7333,82.2167,72.55,73,51,6.71
331,Nelson Bay,AU,2022-01-27 22:21:38,-32.7167,152.15,79.29,63,2,1.99
332,Bograd,RU,2022-01-27 22:21:39,54.2344,90.8328,-9.65,99,85,4.41
333,Sao Paulo De Olivenca,BR,2022-01-27 22:21:39,-3.3783,-68.8725,82.49,82,92,2.04
334,Kashi,CN,2022-01-27 22:21:40,39.4547,75.9797,27.27,53,0,8.95
335,Walvis Bay,NA,2022-01-27 22:21:40,-22.9575,14.5053,66.09,82,14,5.75
336,Ust-Nera,RU,2022-01-27 22:21:40,64.5667,143.2,-31.13,99,85,2.28
337,Huntingdon,GB,2022-01-27 22:20:38,52.3305,-0.1865,42.8,90,66,1.99
338,Pontiac,US,2022-01-27 22:17:56,42.6389,-83.2911,28.08,69,100,10.36
339,Ulaangom,MN,2022-01-27 22:21:41,49.9811,92.0667,-18.65,95,100,2.48
340,Flores,GT,2022-01-27 22:21:41,16.9226,-89.8994,83.8,55,13,3.04
341,Fuerte Olimpo,PY,2022-01-27 22:21:42,-21.0415,-57.8738,82.51,62,99,3.91
342,Pangkalanbuun,ID,2022-01-27 22:21:42,-2.6833,111.6167,74.25,98,100,1.81
343,Avera,US,2022-01-27 22:21:42,33.194,-82.5271,52.72,36,1,5.77
344,Pevek,RU,2022-01-27 22:21:43,69.7008,170.3133,-28.55,99,24,2.75
345,Falam,MM,2022-01-27 22:21:43,22.9167,93.6833,41.65,94,8,3.71
346,Panaba,MX,2022-01-27 22:21:43,21.2833,-88.2667,77.32,68,96,10.87
347,Zhangye,CN,2022-01-27 22:21:44,38.9342,100.4517,21.61,36,100,3.8
348,Atig,RU,2022-01-27 22:21:44,56.6931,59.4227,3.87,97,100,5.68
349,Bako,ET,2022-01-27 22:21:44,5.7833,36.5667,70.92,32,99,1.86
350,Tuktoyaktuk,CA,2022-01-27 22:21:44,69.4541,-133.0374,-20.2,76,20,9.22
351,The Valley,AI,2022-01-27 22:21:45,18.217,-63.0578,78.66,73,20,8.05
352,Murdochville,CA,2022-01-27 22:21:45,48.9583,-65.5006,7.68,70,100,10.04
353,Hassleholm,SE,2022-01-27 22:19:39,56.1591,13.7664,41.25,72,100,15.7
354,Tecoanapa,MX,2022-01-27 22:21:45,16.5167,-98.75,83.79,60,0,10.6
355,Araguaina,BR,2022-01-27 22:21:46,-7.1911,-48.2072,70.97,98,100,1.12
356,Dutlwe,BW,2022-01-27 22:21:46,-23.9833,23.9,73.58,63,90,9.1
357,Klaksvik,FO,2022-01-27 22:21:46,62.2266,-6.589,41.92,71,96,20.4
358,Seybaplaya,MX,2022-01-27 22:21:47,19.65,-90.6667,76.46,78,43,10.83
359,Vardo,NO,2022-01-27 22:21:47,70.3705,31.1107,19.6,91,100,10.47
360,Kathu,TH,2022-01-27 22:21:47,7.9178,98.3332,75.02,78,21,9.82
361,Pont-Rouge,CA,2022-01-27 22:21:48,46.7566,-71.6978,11.14,65,100,2.06
362,Gombong,ID,2022-01-27 22:21:48,-7.6072,109.5142,77.83,92,100,2.44
363,Beringovskiy,RU,2022-01-27 22:21:48,63.05,179.3167,6.62,96,100,3.83
364,Riyadh,SA,2022-01-27 22:19:32,24.6877,46.7219,53.74,30,0,13.8
365,Magugu,TZ,2022-01-27 22:21:49,-4.0167,35.7667,68.34,61,86,1.99
366,Matay,EG,2022-01-27 22:21:49,28.419,30.7792,46.8,63,4,6.24
367,Paramonga,PE,2022-01-27 22:21:49,-10.6667,-77.8333,72.07,82,95,9.1
368,Mehamn,NO,2022-01-27 22:21:50,71.0357,27.8492,25.36,89,100,3.24
369,Nador,MA,2022-01-27 22:18:35,35.174,-2.9287,59.25,72,0,8.05
370,Krasnoyarskiy,RU,2022-01-27 22:21:50,51.965,59.8967,16.88,95,100,4.94
371,Nantucket,US,2022-01-27 22:17:38,41.2835,-70.0995,26.96,72,75,8.05
372,Kirakira,SB,2022-01-27 22:22:50,-10.4544,161.9205,76.98,92,100,6.82
373,Sobolevo,RU,2022-01-27 22:22:51,54.4299,31.8996,27.75,96,100,14.5
374,Kihei,US,2022-01-27 22:19:17,20.785,-156.4656,82.42,60,20,6.91
375,Mananara,MG,2022-01-27 22:22:51,-16.1667,49.7667,71.51,86,0,4.85
376,Banjar,ID,2022-01-27 22:22:52,-8.19,114.9675,78.66,90,100,3.09
377,Mandera,KE,2022-01-27 22:22:52,3.9366,41.867,80.38,25,94,6.55
378,Kiama,AU,2022-01-27 22:22:52,-34.6833,150.8667,78.58,71,7,8.01
379,Babstovo,RU,2022-01-27 22:22:52,48.1167,132.4833,-9.78,98,41,5.84
380,Excelsior Springs,US,2022-01-27 22:22:53,39.3392,-94.2261,43.5,48,100,11.5
381,Maningrida,AU,2022-01-27 22:22:53,-12.0667,134.2667,80.71,86,100,7.54
382,Calolziocorte,IT,2022-01-27 22:22:54,45.7954,9.4377,45.73,71,27,1.99
383,Bassila,BJ,2022-01-27 22:22:54,9.0081,1.6654,77.09,18,3,4.81
384,Zhigansk,RU,2022-01-27 22:22:54,66.7697,123.3711,-32.03,100,34,4.36
385,Necochea,AR,2022-01-27 22:22:55,-38.5473,-58.7368,67.03,57,0,6.06
386,Taltal,CL,2022-01-27 22:22:55,-25.4,-70.4833,68.85,70,1,6.38
387,Houma,US,2022-01-27 22:21:30,29.5958,-90.7195,64.4,42,0,4.61
388,Port Shepstone,ZA,2022-01-27 22:22:56,-30.7414,30.455,75.09,75,86,4.14
389,Markova,UA,2022-01-27 22:22:56,48.6758,24.4138,27.01,88,100,6.35
390,Raudeberg,NO,2022-01-27 22:22:56,61.9875,5.1352,38.07,68,100,7.0
391,Yazoo City,US,2022-01-27 22:22:57,32.8551,-90.4056,57.94,36,52,5.95
392,Qiqihar,CN,2022-01-27 22:22:57,47.3408,123.9672,-2.29,85,23,8.3
393,Banda Aceh,ID,2022-01-27 22:22:57,5.5577,95.3222,78.1,84,60,4.74
394,San Andres,CO,2022-01-27 22:22:17,12.5847,-81.7006,82.42,65,20,13.8
395,Cayenne,GF,2022-01-27 22:21:17,4.9333,-52.3333,77.04,83,75,2.3
396,Port Keats,AU,2022-01-27 22:22:58,-14.25,129.55,79.97,87,84,12.53
397,Xining,CN,2022-01-27 22:22:58,36.6167,101.7667,13.73,94,100,1.34
398,Limbang,MY,2022-01-27 22:22:58,4.75,115.0,75.51,97,85,1.88
399,Saint-Augustin,CA,2022-01-27 22:22:59,51.226,-58.6502,-14.57,97,34,4.63
400,Port Augusta,AU,2022-01-27 22:22:59,-32.5,137.7667,76.71,70,88,20.0
401,Kahului,US,2022-01-27 22:23:00,20.8947,-156.47,82.42,59,20,6.91
402,Quelimane,MZ,2022-01-27 22:23:00,-17.8786,36.8883,74.75,90,92,5.28
403,Praya,CV,2022-01-27 22:23:00,14.9215,-23.5087,70.34,68,75,21.85
404,Kavieng,PG,2022-01-27 22:23:01,-2.5744,150.7967,84.34,69,74,6.89
405,Barranca,PE,2022-01-27 22:23:01,-10.75,-77.7667,71.42,80,97,8.75
406,High Level,CA,2022-01-27 22:23:02,58.5169,-117.136,21.31,86,100,8.05
407,Acapulco,MX,2022-01-27 22:19:48,16.8634,-99.8901,84.02,70,0,8.05
408,Kuito,AO,2022-01-27 22:23:02,-12.3833,16.9333,60.22,96,100,1.52
409,Vakhrushi,RU,2022-01-27 22:23:02,58.6847,50.0261,3.29,97,96,5.39
410,Nioro,GM,2022-01-27 22:23:03,13.35,-15.75,80.58,16,9,7.29
411,Namibe,AO,2022-01-27 22:23:03,-15.1961,12.1522,74.89,83,100,5.14
412,Shache,CN,2022-01-27 22:23:04,38.4167,77.2406,23.13,50,0,3.87
413,Sabha,LY,2022-01-27 22:23:04,27.0377,14.4283,45.3,42,55,8.68
414,Dabat,ET,2022-01-27 22:23:04,12.9842,37.765,52.12,70,2,0.96
415,Ahipara,NZ,2022-01-27 22:24:05,-35.1667,173.1667,72.39,56,3,13.51
416,Palu,ID,2022-01-27 22:24:05,-0.8917,119.8707,74.98,95,100,1.68
417,Fort Abbas,PK,2022-01-27 22:24:06,29.1925,72.8536,54.25,29,0,4.14
418,Warwick,US,2022-01-27 22:22:50,41.7001,-71.4162,27.72,57,40,11.5
419,Yerbogachen,RU,2022-01-27 22:24:06,61.2767,108.0108,-24.95,100,88,3.71
420,Matucana,PE,2022-01-27 22:24:06,-11.85,-76.4,61.43,95,99,9.4
421,Los Llanos De Aridane,ES,2022-01-27 22:24:07,28.6585,-17.9182,55.15,78,75,5.99
422,Yumen,CN,2022-01-27 22:24:07,40.2833,97.2,18.34,43,6,7.87
423,San Ramon De La Nueva Oran,AR,2022-01-27 22:24:08,-23.1322,-64.326,70.86,98,100,1.74
424,Konin,PL,2022-01-27 22:24:08,52.2234,18.2512,40.05,88,89,23.38
425,Beyneu,KZ,2022-01-27 22:24:08,45.3167,55.2,30.97,91,100,8.81
426,Kysyl-Syr,RU,2022-01-27 22:24:09,63.8986,122.7617,-23.69,100,37,3.44
427,Denpasar,ID,2022-01-27 22:24:09,-8.65,115.2167,78.46,88,75,9.22
428,Numan,NG,2022-01-27 22:24:09,9.4667,12.0333,74.34,19,58,5.86
429,Passo De Camaragibe,BR,2022-01-27 22:24:10,-9.2368,-35.4901,80.15,83,54,4.92
430,Oranjemund,NA,2022-01-27 22:24:10,-28.55,16.4333,64.74,89,39,15.21
431,Muisne,EC,2022-01-27 22:24:10,0.6,-80.0333,78.91,86,99,3.22
432,Ponnani,IN,2022-01-27 22:24:11,10.767,75.9252,79.92,73,87,7.92
433,Ambajogai,IN,2022-01-27 22:24:11,18.7333,76.3833,56.79,39,3,6.15
434,Dingle,PH,2022-01-27 22:24:12,10.9995,122.6711,74.64,93,67,5.61
435,Derbent,RU,2022-01-27 22:24:12,42.0678,48.2899,36.28,81,100,16.98
436,Isangel,VU,2022-01-27 22:24:12,-19.55,169.2667,86.11,79,75,6.91
437,Ugoofaaru,MV,2022-01-27 22:24:13,5.6667,73.0,79.05,56,33,8.3
438,Aswan,EG,2022-01-27 22:24:13,24.0934,32.907,46.35,40,34,11.68
439,Murgab,TM,2022-01-27 22:24:14,37.4966,61.9714,53.47,58,100,6.91
440,Inuvik,CA,2022-01-27 22:24:14,68.3499,-133.7218,-9.36,79,75,3.44
441,Batticaloa,LK,2022-01-27 22:24:14,7.7102,81.6924,76.33,76,100,5.21
442,Belmonte,BR,2022-01-27 22:24:15,-15.8631,-38.8828,79.3,81,35,6.73
443,Tiarei,PF,2022-01-27 22:24:15,-17.5333,-149.3333,86.0,76,11,17.69
444,Norrtalje,SE,2022-01-27 22:24:15,59.758,18.705,34.29,89,100,14.34
445,Vostok,RU,2022-01-27 22:24:16,46.4856,135.8833,-6.7,99,100,4.74
446,Pimentel,PE,2022-01-27 22:24:16,-6.8367,-79.9342,75.49,69,0,19.57
447,Khilok,RU,2022-01-27 22:24:16,51.3674,110.4676,-14.53,99,51,2.51
448,Kulautuva,LT,2022-01-27 22:24:17,54.9333,23.6,37.4,94,100,17.25
449,Sakaraha,MG,2022-01-27 22:24:17,-22.9,44.5333,73.56,66,4,3.02
450,Vigrestad,NO,2022-01-27 22:24:17,58.5667,5.7,39.58,68,20,34.94
451,Am Timan,TD,2022-01-27 22:24:18,11.0297,20.2827,74.14,21,76,6.26
452,Arlit,NE,2022-01-27 22:24:18,18.7369,7.3853,60.89,24,53,6.93
453,Rosetta,EG,2022-01-27 22:24:18,31.4044,30.4164,52.72,74,86,14.23
454,Azle,US,2022-01-27 22:24:19,32.8951,-97.5459,53.71,53,40,1.01
455,Tautira,PF,2022-01-27 22:24:19,-17.7333,-149.15,86.0,77,14,17.16
456,Ranong,TH,2022-01-27 22:24:19,9.9658,98.6348,74.82,91,57,3.56
457,Puerto Plata,DO,2022-01-27 22:24:20,19.7934,-70.6884,85.91,78,20,9.22
458,Macae,BR,2022-01-27 22:24:20,-22.3708,-41.7869,85.75,62,0,13.8
459,Svetlogorsk,BY,2022-01-27 22:24:20,52.6333,29.7333,31.98,98,100,13.67
460,Mwene-Ditu,CD,2022-01-27 22:24:21,-7.0,23.45,65.16,94,95,2.19
461,Clarksville,US,2022-01-27 22:21:37,36.5298,-87.3595,48.18,27,100,5.75
462,Seoul,KR,2022-01-27 22:19:52,37.5683,126.9778,24.24,67,0,2.3
463,Saint-Louis,SN,2022-01-27 22:25:21,16.3333,-15.0,76.64,27,33,11.79
464,Chapleau,CA,2022-01-27 22:25:22,47.8405,-83.4034,3.29,66,40,9.22
465,Dicabisagan,PH,2022-01-27 22:25:22,17.0818,122.4157,74.3,90,13,2.1
466,Maues,BR,2022-01-27 22:25:22,-3.3836,-57.7186,75.87,96,89,2.75
467,Lazaro Cardenas,MX,2022-01-27 22:25:23,17.9583,-102.2,82.87,57,77,9.04
468,Launceston,AU,2022-01-27 22:25:23,-41.45,147.1667,72.61,81,100,1.99
469,Salmon Arm,CA,2022-01-27 22:22:04,50.6998,-119.3024,33.12,64,92,3.44
470,Tukrah,LY,2022-01-27 22:25:24,32.5341,20.5791,54.93,63,95,12.53
471,Shirokiy,RU,2022-01-27 22:25:24,49.758,129.523,-4.34,98,100,7.27
472,Tadine,NC,2022-01-27 22:25:24,-21.55,167.8833,81.03,81,98,20.29
473,Churapcha,RU,2022-01-27 22:25:24,62.0025,132.4325,-47.33,100,66,3.49
474,Yuanping,CN,2022-01-27 22:25:25,38.7153,112.7575,25.34,54,75,4.72
475,Nuuk,GL,2022-01-27 22:20:58,64.1835,-51.7216,11.01,67,75,3.44
476,Shurugwi,ZW,2022-01-27 22:25:25,-19.6702,30.0059,62.1,95,94,4.47
477,Lalibela,ET,2022-01-27 22:25:26,12.0333,39.0333,57.42,54,12,6.46
478,Dakar,SN,2022-01-27 22:22:29,14.6937,-17.4441,69.93,78,0,18.41
479,Eirunepe,BR,2022-01-27 22:25:26,-6.6603,-69.8736,80.83,86,98,3.74
480,Abha,SA,2022-01-27 22:25:26,18.2164,42.5053,52.05,87,22,8.05
481,Sao Jose Do Belmonte,BR,2022-01-27 22:25:27,-7.8614,-38.7597,80.44,44,100,6.44
482,Zatoka,UA,2022-01-27 22:25:27,46.0725,30.4654,32.54,77,53,14.56
483,Saint-Francois,FR,2022-01-27 22:25:27,46.4154,3.9054,28.67,93,100,0.0
484,Munger,IN,2022-01-27 22:25:11,25.3833,86.4667,48.76,77,0,7.05
485,Kawalu,ID,2022-01-27 22:25:28,-7.3817,108.2082,72.54,95,100,1.79
486,Atbasar,KZ,2022-01-27 22:25:28,51.8,68.3333,3.27,93,100,3.29
487,Victor Harbor,AU,2022-01-27 22:25:29,-35.5667,138.6167,73.72,77,48,1.01
488,Bonga,ET,2022-01-27 22:25:29,7.2833,36.2333,62.98,61,63,1.03
489,Takoradi,GH,2022-01-27 22:25:29,4.8845,-1.7554,79.41,84,54,7.34
490,Lodwar,KE,2022-01-27 22:25:29,3.1191,35.5973,82.17,39,36,3.96
491,Khandyga,RU,2022-01-27 22:25:30,62.6667,135.6,-51.3,100,79,1.88
492,Vanimo,PG,2022-01-27 22:25:30,-2.6741,141.3028,78.49,88,98,2.33
493,San Policarpo,PH,2022-01-27 22:25:30,12.1791,125.5072,79.09,85,98,7.85
494,Kaeo,NZ,2022-01-27 22:25:31,-35.1,173.7833,74.32,69,79,15.43
495,Nome,US,2022-01-27 22:25:31,64.5011,-165.4064,-5.73,59,0,4.61
496,Tarko-Sale,RU,2022-01-27 22:25:31,64.9225,77.785,4.62,91,100,19.55
497,Tonantins,BR,2022-01-27 22:25:32,-2.8731,-67.8022,80.29,89,81,2.82
498,Norden,DE,2022-01-27 22:25:32,53.6,7.2,42.96,75,9,29.24
499,Sfantu Gheorghe,RO,2022-01-27 22:25:32,45.8667,25.7833,29.93,96,100,4.36
500,Bridlington,GB,2022-01-27 22:25:33,54.0831,-0.1919,42.89,84,75,10.71
501,Balsta,SE,2022-01-27 22:25:33,59.5671,17.5278,34.29,83,100,16.22
502,Bay Roberts,CA,2022-01-27 22:25:33,47.5999,-53.2648,23.32,78,100,3.0
503,Cahors,FR,2022-01-27 22:25:34,44.4167,1.3333,29.14,79,6,2.51
504,Korla,CN,2022-01-27 22:25:34,41.7597,86.1469,21.54,62,0,3.67
505,Saldanha,ZA,2022-01-27 22:25:34,-33.0117,17.9442,62.65,85,0,18.59
506,Muravlenko,RU,2022-01-27 22:25:35,63.7898,74.523,8.71,93,100,15.68
507,Kruisfontein,ZA,2022-01-27 22:25:35,-34.0033,24.7314,66.88,88,100,4.83
508,Poum,NC,2022-01-27 22:25:35,-20.2333,164.0167,82.6,75,28,13.67
509,Chauk,MM,2022-01-27 22:25:36,20.8833,94.8167,63.9,61,0,1.19
510,Taitung,TW,2022-01-27 22:25:36,22.7583,121.1444,68.27,88,75,4.61
511,Kefamenanu,ID,2022-01-27 22:26:36,-9.4467,124.4781,71.53,93,100,3.56
512,Kommunisticheskiy,RU,2022-01-27 22:26:37,61.6789,64.4819,7.45,96,99,5.77
513,Najran,SA,2022-01-27 22:26:37,17.4924,44.1277,57.85,27,12,1.9
514,Weinan,CN,2022-01-27 22:26:37,34.5036,109.5089,33.49,99,100,0.69
515,Piacabucu,BR,2022-01-27 22:26:38,-10.4056,-36.4344,79.0,79,21,8.59
516,Huazhou,CN,2022-01-27 22:26:38,21.6333,110.5833,63.5,96,18,4.07
517,Waynesville,US,2022-01-27 22:21:41,35.4887,-82.9887,47.86,45,12,3.0
518,Sugal,PH,2022-01-27 22:26:39,5.6622,125.4617,78.4,80,33,10.38
519,Nanortalik,GL,2022-01-27 22:26:39,60.1432,-45.2371,15.33,73,53,13.87
520,Diu,IN,2022-01-27 22:26:39,20.7141,70.9822,61.29,38,0,14.14
521,Komsomolskiy,UZ,2022-01-27 22:26:40,40.4272,71.7189,27.82,63,39,2.3
522,Bomi,SL,2022-01-27 22:26:40,7.2461,-11.5258,77.02,85,82,2.57
523,Portland,US,2022-01-27 22:24:03,45.5234,-122.6762,54.55,56,0,1.99
524,Shimoda,JP,2022-01-27 22:26:40,34.6667,138.95,39.11,68,90,9.01
525,Itaituba,BR,2022-01-27 22:26:41,-4.2761,-55.9836,77.18,86,85,1.79
526,Vila Velha,BR,2022-01-27 22:23:29,-20.3297,-40.2925,80.55,85,0,11.01
527,Antofagasta,CL,2022-01-27 22:22:22,-23.65,-70.4,72.21,60,82,8.5
528,Solnechnyy,RU,2022-01-27 22:26:41,50.7214,136.6319,-5.4,99,100,1.01
529,Xai-Xai,MZ,2022-01-27 22:26:41,-25.0519,33.6442,75.76,87,93,8.86
530,Nizhniy Odes,RU,2022-01-27 22:26:42,63.6445,54.856,0.01,99,95,4.83
531,Umm Lajj,SA,2022-01-27 22:26:42,25.0213,37.2685,59.92,53,55,14.7
532,Namuac,PH,2022-01-27 22:26:42,18.6109,121.1657,75.09,93,90,8.66
533,Sereflikochisar,TR,2022-01-27 22:26:43,38.9393,33.5386,11.32,98,43,6.02
534,Hambantota,LK,2022-01-27 22:26:43,6.1241,81.1185,72.72,79,99,12.64
535,Antibes,FR,2022-01-27 22:26:43,43.5624,7.1278,50.68,86,20,9.22
536,Dire Dawa,ET,2022-01-27 22:26:44,9.5931,41.8661,62.76,38,35,0.45
537,Hofn,IS,2022-01-27 22:26:44,64.2539,-15.2082,35.26,66,100,1.57
538,Onega,RU,2022-01-27 22:26:44,63.9061,38.1404,16.61,94,100,8.59
539,Biak,ID,2022-01-27 22:26:45,-0.9131,122.8766,75.83,84,99,2.98
540,Vao,NC,2022-01-27 22:26:45,-22.6667,167.4833,79.45,83,66,18.79
541,Ostersund,SE,2022-01-27 22:26:45,63.1792,14.6357,30.65,100,20,11.5
542,Marsa Matruh,EG,2022-01-27 22:26:46,31.3525,27.2453,51.57,60,89,13.35
543,Ust-Tsilma,RU,2022-01-27 22:26:46,65.441,52.1498,1.29,97,85,4.36
544,Half Moon Bay,US,2022-01-27 22:22:53,37.4636,-122.4286,69.8,43,0,4.61
545,Iroquois Falls,CA,2022-01-27 22:26:46,48.7669,-80.6831,-0.26,86,100,11.25
546,Shieli,KZ,2022-01-27 22:26:47,44.1667,66.75,29.26,70,34,6.53
547,Chiredzi,ZW,2022-01-27 22:26:47,-21.05,31.6667,72.99,89,97,9.64
548,Astaneh-Ye Ashrafiyeh,IR,2022-01-27 22:26:48,37.2596,49.9444,44.53,88,100,6.33
549,Kieta,PG,2022-01-27 22:26:48,-6.2167,155.6333,82.17,74,99,1.41
550,Meulaboh,ID,2022-01-27 22:26:48,4.1363,96.1285,76.01,90,86,3.62
551,Zapolyarnyy,RU,2022-01-27 22:26:49,69.4154,30.8136,15.08,96,100,4.09
552,Soyo,AO,2022-01-27 22:26:49,-6.1349,12.3689,78.71,86,47,0.78
553,Imeni Poliny Osipenko,RU,2022-01-27 22:26:49,52.4201,136.4853,-4.76,99,100,2.59
554,Sechura,PE,2022-01-27 22:26:50,-5.5569,-80.8222,77.83,67,55,18.86
